,h30
volume_t-59,0.0
log_ret_1_t-59,0.0
log_ret_5_t-59,0.0
log_ret_21_t-59,0.0
vol_5_t-59,0.0
vol_21_t-59,0.0
vol_ratio_t-59,0.0
dist_ma20_t-59,0.0
dist_ma50_t-59,0.0
ma_cross_t-59,0.0
rsi_t-59,0.0
macd_hist_t-59,0.0
boll_b_t-59,0.0
drawdown_252_t-59,0.0
hl_range_t-59,0.0
close_pos_t-59,0.0
gap_open_t-59,0.0
fear_ratio_t-59,0.0
fear_ma5_t-59,0.0
volume_t-58,0.0
log_ret_1_t-58,0.0
log_ret_5_t-58,0.0
log_ret_21_t-58,0.0
vol_5_t-58,0.0
vol_21_t-58,0.0
vol_ratio_t-58,0.0
dist_ma20_t-58,0.0
dist_ma50_t-58,0.0
ma_cross_t-58,0.0
rsi_t-58,0.0
